gene,log2FC,lfcSE,pvalue,padj,method,dataset,disease
ENSG00000113525,1.0307268486833414e-6,0.0014426894492581646,0.6149991638184718,0.7819530065854123,DESeq2-apeglm,GSE136825,nasal_polyps
ENSG00000260196,-2.811672138612306e-6,0.001442685380380219,0.3190717591945122,0.5357207722619033,DESeq2-apeglm,GSE136825,nasal_polyps
