gene,log2FC,lfcSE,pvalue,padj,method,dataset,disease
GABPB1-AS1,-0.5018425572193211,0.1744357219586437,0.0019455202593785148,0.005508161470245612,DESeq2-apeglm,GSE121212,atopic_dermatitis
IDI2-AS1,-0.23371508162891597,0.27385757127856586,0.2993059430434781,0.40899928887958675,DESeq2-apeglm,GSE121212,atopic_dermatitis
IFNG,1.4272644276237167,0.6395950573299742,0.002277194406784463,0.0063384302645928415,DESeq2-apeglm,GSE121212,atopic_dermatitis
IL13,4.917466384790894,0.4238103807163104,2.1709313468521908e-32,2.014277454693241e-30,DESeq2-apeglm,GSE121212,atopic_dermatitis
IL5,-0.2641260023240716,0.325403255620322,0.2813035235813526,0.3892155564737844,DESeq2-apeglm,GSE121212,atopic_dermatitis
IL6,3.24663394536567,0.6565758181901461,4.761131779179544e-8,3.0869103520126047e-7,DESeq2-apeglm,GSE121212,atopic_dermatitis
MIR22HG,0.8185134362051247,0.0961001463105762,4.5775484265490085e-18,1.0516959428937983e-16,DESeq2-apeglm,GSE121212,atopic_dermatitis
OIP5-AS1,-0.18867497779846704,0.06379407998072514,0.0028285706803104576,0.007677952384068574,DESeq2-apeglm,GSE121212,atopic_dermatitis
TNF,0.8913634993126723,0.1618705318062563,8.839006628744784e-9,6.325880576998292e-8,DESeq2-apeglm,GSE121212,atopic_dermatitis
