estimator,ACME,ACME_p,rho_star,R2star_M_O
marker_z,0.10899858274455881,0,0.6000000000000001,NA
xCell_raw,0.08459854690492835,0.006,0.5000000000000002,NA
